-- phpMyAdmin SQL Dump
-- version 4.9.0.1
-- https://www.phpmyadmin.net/
--
-- Host: localhost
-- Generation Time: Jun 25, 2019 at 01:47 PM
-- Server version: 10.3.16-MariaDB
-- PHP Version: 7.3.6

SET SQL_MODE = "NO_AUTO_VALUE_ON_ZERO";
SET AUTOCOMMIT = 0;
START TRANSACTION;
SET time_zone = "+00:00";


/*!40101 SET @OLD_CHARACTER_SET_CLIENT=@@CHARACTER_SET_CLIENT */;
/*!40101 SET @OLD_CHARACTER_SET_RESULTS=@@CHARACTER_SET_RESULTS */;
/*!40101 SET @OLD_COLLATION_CONNECTION=@@COLLATION_CONNECTION */;
/*!40101 SET NAMES utf8mb4 */;

--
-- Database: `Jatimsakti`
--

-- --------------------------------------------------------

--
-- Table structure for table `admins`
--

CREATE TABLE `admins` (
  `id` int(10) UNSIGNED NOT NULL,
  `name` varchar(191) COLLATE utf8mb4_unicode_ci NOT NULL,
  `email` varchar(191) COLLATE utf8mb4_unicode_ci NOT NULL,
  `password` varchar(191) COLLATE utf8mb4_unicode_ci NOT NULL,
  `active` tinyint(1) NOT NULL DEFAULT 0,
  `remember_token` varchar(100) COLLATE utf8mb4_unicode_ci DEFAULT NULL,
  `created_at` timestamp NULL DEFAULT NULL,
  `updated_at` timestamp NULL DEFAULT NULL
) ENGINE=InnoDB DEFAULT CHARSET=utf8mb4 COLLATE=utf8mb4_unicode_ci;

--
-- Dumping data for table `admins`
--

INSERT INTO `admins` (`id`, `name`, `email`, `password`, `active`, `remember_token`, `created_at`, `updated_at`) VALUES
(1, 'Super Admin', 'super@admin.com', '$2y$04$xjUrUueX1ZrTGffLOvR4RuepA3JbmdmDItQXgx2BbDx5GJF4YkNHO', 1, '1KxsjJ2GAQ4zCJMUd3k1AYI1CpULKyOvnJNEuzm5R7OMBw5GAKfeyBg8nX6F', '2019-06-01 08:35:36', '2019-06-01 08:35:36'),
(2, 'Yuni', 'yuni@sla.bi.go.id', '$2y$10$c3GNWcDS5pFWoHzWz2BfnOoJj3wpOdh7rDsmlHFQ0xJWuEF2R0KtC', 1, NULL, '2019-06-01 08:36:52', '2019-06-01 08:37:02'),
(3, 'Dani', 'dani@sla.bi.go.id', '$2y$10$g00zWEVuaxvU5BSXciFHsuf3ICF1.7nbwClkJhh2PZMvHWD5MV.CC', 0, NULL, '2019-06-02 09:41:05', '2019-06-02 09:41:05');

-- --------------------------------------------------------

--
-- Table structure for table `admin_role`
--

CREATE TABLE `admin_role` (
  `id` int(10) UNSIGNED NOT NULL,
  `role_id` int(10) UNSIGNED NOT NULL,
  `admin_id` int(10) UNSIGNED NOT NULL
) ENGINE=InnoDB DEFAULT CHARSET=utf8mb4 COLLATE=utf8mb4_unicode_ci;

--
-- Dumping data for table `admin_role`
--

INSERT INTO `admin_role` (`id`, `role_id`, `admin_id`) VALUES
(1, 1, 1),
(2, 2, 2),
(3, 2, 3);

-- --------------------------------------------------------

--
-- Table structure for table `anggarans`
--

CREATE TABLE `anggarans` (
  `id_anggaran` int(11) NOT NULL,
  `id_admin` int(10) UNSIGNED DEFAULT NULL,
  `id_user` bigint(20) UNSIGNED NOT NULL,
  `perihal` varchar(255) NOT NULL,
  `dokumen` varchar(255) NOT NULL,
  `invoice` varchar(255) NOT NULL,
  `tanggal_anggaran` datetime NOT NULL,
  `progress` varchar(255) DEFAULT NULL,
  `tanggal_progress` datetime DEFAULT NULL,
  `jumlah` int(255) NOT NULL,
  `coa` varchar(255) NOT NULL,
  `keterangan` varchar(255) DEFAULT NULL,
  `status` tinyint(1) NOT NULL
) ENGINE=InnoDB DEFAULT CHARSET=latin1;

--
-- Dumping data for table `anggarans`
--

INSERT INTO `anggarans` (`id_anggaran`, `id_admin`, `id_user`, `perihal`, `dokumen`, `invoice`, `tanggal_anggaran`, `progress`, `tanggal_progress`, `jumlah`, `coa`, `keterangan`, `status`) VALUES
(23, 2, 1, 'Perlengkapan', '01-2231Dokumen', '99102-Invoice', '2019-06-14 00:00:00', 'Settlement', '2019-06-17 17:38:18', 250000, '1-730001-823005-99-0900-104-004', 'Terbayar', 0),
(24, 2, 1, 'Konsumsi', '01-2231Dokumen', '99102-Invoice', '2019-06-06 00:00:00', 'Validasi', '2019-06-23 13:41:32', 234500, '1-730001-721009-36-0400-063-004', 'Terbayar', 0),
(25, 2, 1, 'Pembelian Rumah', '08127763890', '0812678920', '2019-06-07 00:00:00', 'Validasi', '2019-06-23 13:41:29', 500000, '1-730001-823005-99-0900-104-004', 'Terbayar', 0);

-- --------------------------------------------------------

--
-- Table structure for table `coa`
--

CREATE TABLE `coa` (
  `coa` varchar(255) NOT NULL,
  `jumlah_coa` int(255) NOT NULL
) ENGINE=InnoDB DEFAULT CHARSET=latin1;

--
-- Dumping data for table `coa`
--

INSERT INTO `coa` (`coa`, `jumlah_coa`) VALUES
('1-730001-532007-99-0900-104-001', 1000000),
('1-730001-621001-99-0900-104-001', 1000000),
('1-730001-631001-99-0900-104-001', 1000000),
('1-730001-641004-99-0900-104-001', 1000000),
('1-730001-641007-99-0900-104-001', 1000000),
('1-730001-721009-36-0400-063-004', 1000000),
('1-730001-721011-36-0400-063-004', 1000000),
('1-730001-813002-99-0900-103-003', 1000000),
('1-730001-815001-99-0900-103-003', 1000000),
('1-730001-815003-99-0900-103-003', 1000000),
('1-730001-815004-99-0900-103-003', 1000000),
('1-730001-815006-99-0900-103-003', 1000000),
('1-730001-815007-99-0900-103-003', 1000000),
('1-730001-815008-99-0900-103-003', 1000000),
('1-730001-815009-99-0900-103-003', 1000000),
('1-730001-815011-99-0900-103-003', 1000000),
('1-730001-815012-99-0900-103-003', 1000000),
('1-730001-815014-99-0900-103-003', 1000000),
('1-730001-815015-99-0900-103-003', 1000000),
('1-730001-816002-99-0900-103-001', 1000000),
('1-730001-816004-99-0900-103-001', 1000000),
('1-730001-816005-99-0900-103-001', 1000000),
('1-730001-821001-99-0900-104-004', 1000000),
('1-730001-821002-99-0900-104-004', 1000000),
('1-730001-821003-99-0900-104-004', 1000000),
('1-730001-821004-99-0900-104-004', 1000000),
('1-730001-822001-99-0900-104-004', 1000000),
('1-730001-822002-99-0900-104-004', 1000000),
('1-730001-822003-99-0900-104-004', 1000000),
('1-730001-823002-99-0900-104-004', 1000000),
('1-730001-823004-99-0900-104-004', 1000000),
('1-730001-823005-99-0900-104-004', 1000000),
('1-730001-823006-36-0400-063-004', 1000000),
('1-730001-823007-99-0900-104-004', 1000000),
('1-730001-823008-99-0900-104-004', 1000000),
('1-730001-823009-99-0900-104-004', 1000000),
('1-730001-823010-99-0900-104-004', 1000000),
('1-730001-823011-99-0900-104-004', 1000000),
('1-730001-824001-99-0900-104-004', 1000000),
('1-730001-825001-99-0900-121-001', 1000000),
('1-730001-825002-99-0900-121-001', 1000000),
('1-730001-826001-99-0900-104-004', 1000000),
('1-730001-826002-99-0900-104-004', 1000000),
('1-730001-826004-99-0900-104-004', 1000000),
('1-730001-827001-99-0900-104-004', 1000000),
('1-730001-827002-99-0900-104-004', 1000000),
('1-730001-827005-99-0900-104-004', 1000000),
('1-730001-827006-99-0900-104-004', 1000000),
('1-730001-827007-99-0900-104-004', 1000000),
('1-730001-827008-99-0900-104-004', 1000000),
('1-730001-827009-99-0900-104-004', 1000000),
('1-730001-827010-99-0900-104-004', 1000000),
('1-730001-827010-99-0900-121-004', 1000000),
('1-730001-828002-99-0900-104-004', 1000000),
('1-730001-829004-99-0900-104-004', 1000000),
('1-730001-831002-99-0900-104-004', 1000000),
('1-730001-833001-99-0900-104-004', 1000000),
('1-730001-841001-03-0100-011-003', 1000000),
('1-730001-841001-03-0100-024-004', 1000000),
('1-730001-841001-03-0100-051-002', 1000000),
('1-730001-841001-03-0100-051-004', 1000000),
('1-730001-841001-03-0100-081-003', 1000000),
('1-730001-841001-03-0100-081-007', 1000000),
('1-730001-841001-03-0100-096-002', 1000000),
('1-730001-841001-24-0200-032-002', 1000000),
('1-730001-841001-24-0200-041-001', 1000000),
('1-730001-841001-24-0300-021-003', 1000000),
('1-730001-841001-24-0300-024-004', 1000000),
('1-730001-841001-24-0300-031-001', 1000000),
('1-730001-841001-24-0300-032-001', 1000000),
('1-730001-841001-24-0300-051-001', 1000000),
('1-730001-841001-34-0600-062-006', 1000000),
('1-730001-841001-34-0600-063-004', 1000000),
('1-730001-841001-35-0500-062-002', 1000000),
('1-730001-841001-35-0500-062-005', 1000000),
('1-730001-841001-35-0500-062-006', 1000000),
('1-730001-841001-36-0400-063-004', 1000000),
('1-730001-841001-45-0800-084-002', 1000000),
('1-730001-841001-45-0800-122-002', 1000000),
('1-730001-841001-45-0800-122-004', 1000000),
('1-730001-841001-45-0800-123-004', 1000000),
('1-730001-841001-51-1000-121-003', 1000000),
('1-730001-841001-70-0700-011-004', 1000000),
('1-730001-841001-70-0700-021-004', 1000000),
('1-730001-841001-99-0900-103-001', 1000000),
('1-730001-841001-99-0900-103-003', 1000000),
('1-730001-841001-99-0900-104-001', 1000000),
('1-730001-841001-99-0900-104-004', 1000000),
('1-730001-841001-99-0900-121-004', 1000000),
('1-730001-841001-99-0900-123-004', 1000000),
('1-730001-841001-99-0900-124-004', 1000000),
('1-730001-841002-03-0100-096-002', 1000000),
('1-730001-841003-03-0100-011-003', 1000000),
('1-730001-841003-03-0100-024-004', 1000000),
('1-730001-841003-03-0100-051-002', 1000000),
('1-730001-841003-03-0100-051-004', 1000000),
('1-730001-841003-03-0100-081-003', 1000000),
('1-730001-841003-03-0100-081-007', 1000000),
('1-730001-841003-03-0100-096-002', 1000000),
('1-730001-841003-24-0200-032-002', 1000000),
('1-730001-841003-24-0200-041-001', 1000000),
('1-730001-841003-24-0300-021-003', 1000000),
('1-730001-841003-24-0300-024-004', 1000000),
('1-730001-841003-24-0300-031-001', 1000000),
('1-730001-841003-24-0300-032-001', 1000000),
('1-730001-841003-24-0300-051-001', 1000000),
('1-730001-841003-34-0600-062-006', 1000000),
('1-730001-841003-34-0600-062-007', 1000000),
('1-730001-841003-34-0600-063-004', 1000000),
('1-730001-841003-35-0500-062-002', 1000000),
('1-730001-841003-35-0500-062-005', 1000000),
('1-730001-841003-35-0500-062-006', 1000000),
('1-730001-841003-36-0400-063-004', 1000000),
('1-730001-841003-45-0800-084-002', 1000000),
('1-730001-841003-45-0800-122-002', 1000000),
('1-730001-841003-45-0800-122-004', 1000000),
('1-730001-841003-45-0800-123-004', 1000000),
('1-730001-841003-51-1000-121-003', 1000000),
('1-730001-841003-99-0900-103-001', 1000000),
('1-730001-841003-99-0900-103-003', 1000000),
('1-730001-841003-99-0900-104-001', 1000000),
('1-730001-841003-99-0900-104-004', 1000000),
('1-730001-841003-99-0900-121-004', 1000000),
('1-730001-841003-99-0900-123-004', 1000000),
('1-730001-841003-99-0900-124-004', 1000000),
('1-730001-841004-03-0100-096-002', 1000000),
('1-730001-841005-03-0100-011-003', 1000000),
('1-730001-841005-03-0100-024-004', 1000000),
('1-730001-841005-03-0100-051-002', 1000000),
('1-730001-841005-03-0100-096-002', 1000000),
('1-730001-841005-24-0200-032-002', 1000000),
('1-730001-841005-24-0200-041-001', 1000000),
('1-730001-841005-24-0300-024-004', 1000000),
('1-730001-841005-24-0300-031-001', 1000000),
('1-730001-841005-24-0300-032-001', 1000000),
('1-730001-841005-34-0600-062-007', 1000000),
('1-730001-841005-34-0600-063-004', 1000000),
('1-730001-841005-35-0500-062-002', 1000000),
('1-730001-841005-36-0400-063-004', 1000000),
('1-730001-841005-45-0800-084-002', 1000000),
('1-730001-841005-45-0800-122-002', 1000000),
('1-730001-841005-51-1000-121-003', 1000000),
('1-730001-841005-99-0900-103-001', 1000000),
('1-730001-841005-99-0900-104-001', 1000000),
('1-730001-841005-99-0900-104-004', 1000000),
('1-730001-841005-99-0900-121-004', 1000000),
('1-730001-841005-99-0900-124-004', 1000000),
('1-730001-841006-03-0100-096-002', 1000000),
('1-730001-841007-03-0100-096-002', 1000000),
('1-730001-841008-03-0100-011-003', 1000000),
('1-730001-841008-03-0100-024-004', 1000000),
('1-730001-841008-03-0100-051-002', 1000000),
('1-730001-841008-03-0100-051-004', 1000000),
('1-730001-841008-03-0100-081-003', 1000000),
('1-730001-841008-03-0100-081-007', 1000000),
('1-730001-841008-24-0200-032-002', 1000000),
('1-730001-841008-24-0200-041-001', 1000000),
('1-730001-841008-24-0300-021-003', 1000000),
('1-730001-841008-24-0300-024-004', 1000000),
('1-730001-841008-24-0300-051-001', 1000000),
('1-730001-841008-34-0600-062-006', 1000000),
('1-730001-841008-34-0600-062-007', 1000000),
('1-730001-841008-35-0500-062-002', 1000000),
('1-730001-841008-35-0500-062-005', 1000000),
('1-730001-841008-35-0500-062-006', 1000000),
('1-730001-841008-36-0400-063-004', 1000000),
('1-730001-841008-45-0800-084-002', 1000000),
('1-730001-841008-45-0800-122-002', 1000000),
('1-730001-841008-45-0800-122-004', 1000000),
('1-730001-841008-45-0800-123-004', 1000000),
('1-730001-841008-99-0900-103-001', 1000000),
('1-730001-841008-99-0900-103-003', 1000000),
('1-730001-841008-99-0900-104-004', 1000000),
('1-730001-841008-99-0900-123-004', 1000000),
('1-730001-841008-99-0900-124-004', 1000000),
('1-730001-841009-03-0100-011-003', 1000000),
('1-730001-841009-03-0100-024-004', 1000000),
('1-730001-841009-03-0100-051-002', 1000000),
('1-730001-841009-24-0200-032-002', 1000000),
('1-730001-841009-24-0200-041-001', 1000000),
('1-730001-841009-24-0300-032-001', 1000000),
('1-730001-841009-35-0500-062-002', 1000000),
('1-730001-841009-36-0400-063-004', 1000000),
('1-730001-841009-45-0800-122-002', 1000000),
('1-730001-841009-99-0900-104-004', 1000000),
('1-730001-841010-03-0100-096-002', 1000000),
('1-730001-841011-03-0100-011-003', 1000000),
('1-730001-841011-03-0100-024-004', 1000000),
('1-730001-841011-03-0100-051-002', 1000000),
('1-730001-841011-03-0100-051-004', 1000000),
('1-730001-841011-03-0100-081-007', 1000000),
('1-730001-841011-03-0100-096-002', 1000000),
('1-730001-841011-24-0200-032-002', 1000000),
('1-730001-841011-24-0200-041-001', 1000000),
('1-730001-841011-24-0300-021-003', 1000000),
('1-730001-841011-24-0300-024-004', 1000000),
('1-730001-841011-24-0300-031-001', 1000000),
('1-730001-841011-24-0300-051-001', 1000000),
('1-730001-841011-34-0600-062-006', 1000000),
('1-730001-841011-35-0500-062-002', 1000000),
('1-730001-841011-35-0500-062-006', 1000000),
('1-730001-841011-36-0400-063-004', 1000000),
('1-730001-841011-45-0800-084-002', 1000000),
('1-730001-841011-45-0800-122-002', 1000000),
('1-730001-841011-45-0800-122-004', 1000000),
('1-730001-842001-36-0400-063-004', 1000000),
('1-730001-842002-03-0100-011-003', 1000000),
('1-730001-842002-03-0100-024-004', 1000000),
('1-730001-842002-03-0100-081-003', 1000000),
('1-730001-842002-03-0100-081-007', 1000000),
('1-730001-842002-03-0100-096-002', 1000000),
('1-730001-842002-24-0200-032-002', 1000000),
('1-730001-842002-24-0200-041-001', 1000000),
('1-730001-842002-45-0800-084-002', 1000000),
('1-730001-842002-45-0800-122-002', 1000000),
('1-730001-842002-45-0800-122-004', 1000000),
('1-730001-842004-70-0700-011-004', 1000000),
('1-730001-842004-70-0700-021-004', 1000000),
('1-730001-842007-03-0100-011-003', 1000000),
('1-730001-842007-03-0100-024-004', 1000000),
('1-730001-842007-03-0100-051-002', 1000000),
('1-730001-842007-03-0100-081-003', 1000000),
('1-730001-842007-03-0100-081-007', 1000000),
('1-730001-842007-03-0100-096-002', 1000000),
('1-730001-842007-24-0200-032-002', 1000000),
('1-730001-842007-24-0200-041-001', 1000000),
('1-730001-842007-24-0300-011-001', 1000000),
('1-730001-842007-24-0300-021-003', 1000000),
('1-730001-842007-24-0300-024-004', 1000000),
('1-730001-842007-24-0300-031-001', 1000000),
('1-730001-842007-24-0300-032-001', 1000000),
('1-730001-842007-24-0300-051-001', 1000000),
('1-730001-842007-34-0600-062-006', 1000000),
('1-730001-842007-34-0600-062-007', 1000000),
('1-730001-842007-35-0500-062-002', 1000000),
('1-730001-842007-35-0500-062-005', 1000000),
('1-730001-842007-35-0500-062-006', 1000000),
('1-730001-842007-36-0400-063-004', 1000000),
('1-730001-842007-45-0800-084-002', 1000000),
('1-730001-842007-45-0800-122-002', 1000000),
('1-730001-842007-45-0800-122-004', 1000000),
('1-730001-842007-45-0800-123-004', 1000000),
('1-730001-842007-99-0900-103-001', 1000000),
('1-730001-842007-99-0900-104-001', 1000000),
('1-730001-842007-99-0900-104-003', 1000000),
('1-730001-842007-99-0900-104-004', 1000000),
('1-730001-842007-99-0900-121-003', 1000000),
('1-730001-842007-99-0900-121-004', 1000000),
('1-730001-842007-99-0900-121-005', 1000000),
('1-730001-842007-99-0900-124-003', 1000000),
('1-730001-842007-99-0900-124-004', 1000000),
('1-730001-842008-03-0100-011-003', 1000000),
('1-730001-842008-03-0100-024-004', 1000000),
('1-730001-842008-03-0100-051-002', 1000000),
('1-730001-842008-03-0100-081-007', 1000000),
('1-730001-842008-03-0100-096-002', 1000000),
('1-730001-842008-24-0300-021-003', 1000000),
('1-730001-842008-24-0300-051-001', 1000000),
('1-730001-842008-34-0600-062-006', 1000000),
('1-730001-842008-35-0500-062-002', 1000000),
('1-730001-842008-35-0500-062-006', 1000000),
('1-730001-842008-36-0400-063-004', 1000000),
('1-730001-842008-45-0800-084-002', 1000000),
('1-730001-842008-45-0800-122-002', 1000000),
('1-730001-843001-24-0300-011-001', 1000000),
('1-730001-843001-24-0300-024-004', 1000000),
('1-730001-843007-03-0100-081-003', 1000000),
('1-730001-843007-45-0800-084-002', 1000000),
('1-730001-843007-70-0700-011-004', 1000000),
('1-730001-843007-70-0700-021-004', 1000000),
('1-730001-844001-99-0900-104-004', 1000000),
('1-730001-844002-36-0400-063-004', 1000000),
('1-730001-844002-45-0800-122-002', 1000000),
('1-730001-844002-99-0900-104-004', 1000000),
('1-730001-844003-99-0900-121-001', 1000000),
('1-730001-844004-99-0900-121-004', 1000000),
('1-730001-845001-99-0900-121-004', 1000000),
('1-730001-848001-03-0100-011-003', 1000000),
('1-730001-848001-03-0100-024-004', 1000000),
('1-730001-848001-03-0100-096-002', 1000000),
('1-730001-848001-24-0300-011-001', 1000000),
('1-730001-848001-34-0600-062-007', 1000000),
('1-730001-848001-45-0800-084-002', 1000000),
('1-730001-848001-45-0800-122-002', 1000000),
('1-730001-848001-45-0800-122-004', 1000000),
('1-730001-848001-99-0900-104-004', 1000000),
('1-730001-848001-99-0900-121-001', 1000000),
('1-730001-848002-03-0100-024-004', 1000000),
('1-730001-848003-24-0300-024-004', 1000000),
('1-730001-848003-45-0800-084-002', 1000000),
('1-730001-848003-45-0800-122-002', 1000000),
('1-730001-849001-45-0800-122-002', 1000000),
('1-730001-849002-45-0800-122-002', 1000000),
('1-730001-849002-99-0900-121-001', 1000000),
('1-730001-851001-45-0800-122-002', 1000000),
('1-730001-852001-45-0800-122-002', 1000000),
('1-730001-861001-03-0100-011-003', 1000000),
('1-730001-861001-03-0100-024-004', 1000000),
('1-730001-861001-03-0100-051-002', 1000000),
('1-730001-861001-03-0100-081-007', 1000000),
('1-730001-861001-03-0100-096-002', 1000000),
('1-730001-861001-24-0200-032-002', 1000000),
('1-730001-861001-24-0200-041-001', 1000000),
('1-730001-861001-24-0300-021-003', 1000000),
('1-730001-861001-24-0300-051-001', 1000000),
('1-730001-861001-34-0600-062-006', 1000000),
('1-730001-861001-35-0500-062-002', 1000000),
('1-730001-861001-35-0500-062-006', 1000000),
('1-730001-861001-45-0800-084-002', 1000000),
('1-730001-861001-45-0800-122-002', 1000000),
('1-730001-861016-03-0100-011-003', 1000000),
('1-730001-861016-03-0100-024-004', 1000000),
('1-730001-861016-03-0100-051-004', 1000000),
('1-730001-861016-03-0100-081-003', 1000000),
('1-730001-861016-03-0100-081-007', 1000000),
('1-730001-861016-03-0100-096-002', 1000000),
('1-730001-861016-24-0300-021-003', 1000000),
('1-730001-861016-24-0300-024-004', 1000000),
('1-730001-861016-24-0300-051-001', 1000000),
('1-730001-861016-34-0600-062-006', 1000000),
('1-730001-861016-34-0600-062-007', 1000000),
('1-730001-861016-35-0500-062-002', 1000000),
('1-730001-861016-35-0500-062-005', 1000000),
('1-730001-861016-36-0400-063-004', 1000000),
('1-730001-861016-45-0800-084-002', 1000000),
('1-730001-861016-45-0800-122-002', 1000000),
('1-730001-861016-45-0800-122-004', 1000000),
('1-730001-861016-45-0800-123-004', 1000000),
('1-730001-861016-51-1000-121-003', 1000000),
('1-730001-861016-99-0900-103-003', 1000000),
('1-730001-861016-99-0900-104-001', 1000000),
('1-730001-861016-99-0900-104-004', 1000000),
('1-730001-861016-99-0900-124-004', 1000000),
('1-730001-861017-03-0100-011-003', 1000000),
('1-730001-861017-03-0100-024-004', 1000000),
('1-730001-861017-03-0100-051-002', 1000000),
('1-730001-861017-03-0100-051-004', 1000000),
('1-730001-861017-03-0100-081-003', 1000000),
('1-730001-861017-03-0100-096-002', 1000000),
('1-730001-861017-24-0300-021-003', 1000000),
('1-730001-861017-24-0300-024-004', 1000000),
('1-730001-861017-24-0300-051-001', 1000000),
('1-730001-861017-34-0600-062-006', 1000000),
('1-730001-861017-34-0600-062-007', 1000000),
('1-730001-861017-35-0500-062-002', 1000000),
('1-730001-861017-35-0500-062-005', 1000000),
('1-730001-861017-36-0400-063-004', 1000000),
('1-730001-861017-45-0800-084-002', 1000000),
('1-730001-861017-45-0800-122-002', 1000000),
('1-730001-861017-45-0800-122-004', 1000000),
('1-730001-861017-45-0800-123-004', 1000000),
('1-730001-861017-51-1000-121-003', 1000000),
('1-730001-861017-99-0900-103-003', 1000000),
('1-730001-861017-99-0900-104-001', 1000000),
('1-730001-861017-99-0900-104-004', 1000000),
('1-730001-861017-99-0900-124-004', 1000000),
('1-730001-861019-03-0100-011-003', 1000000),
('1-730001-861019-03-0100-024-004', 1000000),
('1-730001-861019-24-0300-021-003', 1000000),
('1-730001-861019-24-0300-051-001', 1000000),
('1-730001-861019-34-0600-062-006', 1000000),
('1-730001-861019-45-0800-084-002', 1000000),
('1-730001-861019-45-0800-122-002', 1000000),
('1-730001-861021-03-0100-011-003', 1000000),
('1-730001-861021-03-0100-024-004', 1000000),
('1-730001-861021-36-0400-063-004', 1000000),
('1-730001-861021-45-0800-122-002', 1000000),
('1-730001-861021-99-0900-103-003', 1000000),
('1-730001-861021-99-0900-104-004', 1000000),
('1-730001-861022-03-0100-011-003', 1000000),
('1-730001-861022-03-0100-024-004', 1000000),
('1-730001-861022-03-0100-051-002', 1000000),
('1-730001-861022-03-0100-051-004', 1000000),
('1-730001-861022-03-0100-081-003', 1000000),
('1-730001-861022-03-0100-081-007', 1000000),
('1-730001-861022-24-0200-032-002', 1000000),
('1-730001-861022-24-0200-041-001', 1000000),
('1-730001-861022-24-0300-021-003', 1000000),
('1-730001-861022-24-0300-024-004', 1000000),
('1-730001-861022-24-0300-051-001', 1000000),
('1-730001-861022-34-0600-062-006', 1000000),
('1-730001-861022-35-0500-062-002', 1000000),
('1-730001-861022-36-0400-063-004', 1000000),
('1-730001-861022-45-0800-084-002', 1000000),
('1-730001-861022-45-0800-122-002', 1000000),
('1-730001-861022-45-0800-122-004', 1000000),
('1-730001-861022-45-0800-123-004', 1000000),
('1-730001-861022-51-1000-121-003', 1000000),
('1-730001-861022-99-0900-103-003', 1000000),
('1-730001-861022-99-0900-104-004', 1000000),
('1-730001-861022-99-0900-124-004', 1000000),
('1-730001-872001-99-0900-104-004', 1000000),
('1-730001-872002-99-0900-104-004', 1000000),
('1-730001-872003-99-0900-104-004', 1000000),
('1-730001-872004-99-0900-104-004', 1000000),
('1-730001-872005-99-0900-104-004', 1000000),
('1-730001-873002-99-0900-104-004', 1000000),
('1-730001-881004-99-0900-104-004', 1000000);

-- --------------------------------------------------------

--
-- Table structure for table `migrations`
--

CREATE TABLE `migrations` (
  `id` int(10) UNSIGNED NOT NULL,
  `migration` varchar(191) COLLATE utf8mb4_unicode_ci NOT NULL,
  `batch` int(11) NOT NULL
) ENGINE=InnoDB DEFAULT CHARSET=utf8mb4 COLLATE=utf8mb4_unicode_ci;

--
-- Dumping data for table `migrations`
--

INSERT INTO `migrations` (`id`, `migration`, `batch`) VALUES
(1, '2014_10_12_000000_create_users_table', 1),
(2, '2014_10_12_100000_create_password_resets_table', 1),
(3, '2017_03_06_023521_create_admins_table', 1),
(4, '2017_03_06_053834_create_admin_role_table', 1),
(5, '2018_03_06_023523_create_roles_table', 1),
(6, '2019_05_31_042715_create_pegawais_table', 1);

-- --------------------------------------------------------

--
-- Table structure for table `password_resets`
--

CREATE TABLE `password_resets` (
  `email` varchar(191) COLLATE utf8mb4_unicode_ci NOT NULL,
  `token` varchar(191) COLLATE utf8mb4_unicode_ci NOT NULL,
  `created_at` timestamp NULL DEFAULT NULL
) ENGINE=InnoDB DEFAULT CHARSET=utf8mb4 COLLATE=utf8mb4_unicode_ci;

-- --------------------------------------------------------

--
-- Table structure for table `pegawais`
--

CREATE TABLE `pegawais` (
  `id` int(10) UNSIGNED NOT NULL,
  `name` varchar(191) COLLATE utf8mb4_unicode_ci NOT NULL,
  `email` varchar(191) COLLATE utf8mb4_unicode_ci NOT NULL,
  `email_verified_at` timestamp NULL DEFAULT NULL,
  `password` varchar(191) COLLATE utf8mb4_unicode_ci NOT NULL,
  `remember_token` varchar(100) COLLATE utf8mb4_unicode_ci DEFAULT NULL,
  `created_at` timestamp NULL DEFAULT NULL,
  `updated_at` timestamp NULL DEFAULT NULL
) ENGINE=InnoDB DEFAULT CHARSET=utf8mb4 COLLATE=utf8mb4_unicode_ci;

-- --------------------------------------------------------

--
-- Table structure for table `roles`
--

CREATE TABLE `roles` (
  `id` int(10) UNSIGNED NOT NULL,
  `name` varchar(191) COLLATE utf8mb4_unicode_ci NOT NULL,
  `created_at` timestamp NULL DEFAULT NULL,
  `updated_at` timestamp NULL DEFAULT NULL
) ENGINE=InnoDB DEFAULT CHARSET=utf8mb4 COLLATE=utf8mb4_unicode_ci;

--
-- Dumping data for table `roles`
--

INSERT INTO `roles` (`id`, `name`, `created_at`, `updated_at`) VALUES
(1, 'super', '2019-06-01 08:35:36', '2019-06-01 08:35:36'),
(2, 'sla', '2019-06-01 08:36:07', '2019-06-01 08:36:07');

-- --------------------------------------------------------

--
-- Table structure for table `unit`
--

CREATE TABLE `unit` (
  `id_unit` int(10) NOT NULL,
  `nama_unit` varchar(255) NOT NULL,
  `anggaran_unit` int(255) NOT NULL
) ENGINE=InnoDB DEFAULT CHARSET=latin1;

--
-- Dumping data for table `unit`
--

INSERT INTO `unit` (`id_unit`, `nama_unit`, `anggaran_unit`) VALUES
(1, 'OJK', 250000000),
(2, 'Humas', 500000000);

-- --------------------------------------------------------

--
-- Table structure for table `users`
--

CREATE TABLE `users` (
  `id` bigint(20) UNSIGNED NOT NULL,
  `id_unit` int(10) NOT NULL,
  `name` varchar(191) COLLATE utf8mb4_unicode_ci NOT NULL,
  `email` varchar(191) COLLATE utf8mb4_unicode_ci NOT NULL,
  `email_verified_at` timestamp NULL DEFAULT NULL,
  `password` varchar(191) COLLATE utf8mb4_unicode_ci NOT NULL,
  `remember_token` varchar(100) COLLATE utf8mb4_unicode_ci DEFAULT NULL,
  `created_at` timestamp NULL DEFAULT NULL,
  `updated_at` timestamp NULL DEFAULT NULL
) ENGINE=InnoDB DEFAULT CHARSET=utf8mb4 COLLATE=utf8mb4_unicode_ci;

--
-- Dumping data for table `users`
--

INSERT INTO `users` (`id`, `id_unit`, `name`, `email`, `email_verified_at`, `password`, `remember_token`, `created_at`, `updated_at`) VALUES
(1, 1, 'Ulul Albab', 'ulul@bi.go.id', NULL, '$2y$10$HCp7lpWe02l/GXiUpcrxBeiZQRoJkxoGVD6Rxs09x7yVlKwDtufQu', NULL, '2019-06-01 09:10:42', '2019-06-01 09:10:42'),
(3, 2, 'Dava', 'dava@bi.go.id', NULL, '$2y$10$h.eP0zdc95nAkuORk8LOteS8vnR/UClzC4xLpBKMyPdKNqYLZHJEa', NULL, '2019-06-01 11:10:59', '2019-06-01 11:10:59'),
(4, 1, 'Wasil', 'wasil@bi.go.id', NULL, '$2y$10$lSPSw4KHX0YGCmT.798gbuMUuFc6T31oP8V4LqZs32X7stmEvba3i', NULL, '2019-06-13 12:25:11', '2019-06-13 12:25:11'),
(5, 2, 'Maulana', 'maulana@bi.go.id', NULL, '$2y$10$DsTL5Bw9yg0u8/KJknFuZOeU5zK3bvEp78ge/rX6KXhkJC8FqKv3O', NULL, '2019-06-13 12:28:49', '2019-06-13 12:28:49'),
(6, 1, 'Naufal', 'naufal@bi.go.id', NULL, '$2y$10$yQH0Y82HX6M.N.r7DTKnNefvgHJbI06zdIwLn9CQS1UcbUVYMzmyO', NULL, '2019-06-13 12:43:46', '2019-06-13 12:43:46'),
(7, 2, 'ian', 'ian@bi.go.id', NULL, '$2y$10$JKJVAG3jZ3YkFGBaGDrfW.Sw5VIaMnkwgUcR.B/6XkdGtpEM9Q0Ey', NULL, '2019-06-13 12:51:01', '2019-06-13 12:51:01'),
(8, 2, 'Reta', 'reta@bi.go.id', NULL, '$2y$10$mPb0UOmDNiP7QTLClOvg7uNzDD9a.KzAsxpsODCWQX5evqO4dbnuy', NULL, '2019-06-17 09:22:30', '2019-06-17 09:22:30'),
(14, 2, 'coba User', 'coba1@bi.go.id', NULL, '$2y$10$BnJbVER6/.MLJBS77r2agOZmMyulA7NrKXFFdGVQXbLs2OnkCM4Fi', NULL, '2019-06-17 09:45:22', '2019-06-17 09:45:22'),
(15, 1, 'zahra', 'zahra@bi.go.id', NULL, '$2y$10$zgMpCDQDVFbYF5JUgBDP1Oz0ZNwiqd4oqa9za9jdyBsskLH2CSGKG', NULL, '2019-06-25 04:42:18', '2019-06-25 04:42:18'),
(16, 1, 'hasna', 'hasna@bi.go.id', NULL, '$2y$10$xnGIjxL1BpGPtNcVbAk2n.gW9bvomzTc/at.pNsnaYHGP3r5SGn5u', NULL, '2019-06-25 04:44:12', '2019-06-25 04:44:12');

--
-- Indexes for dumped tables
--

--
-- Indexes for table `admins`
--
ALTER TABLE `admins`
  ADD PRIMARY KEY (`id`),
  ADD UNIQUE KEY `admins_email_unique` (`email`);

--
-- Indexes for table `admin_role`
--
ALTER TABLE `admin_role`
  ADD PRIMARY KEY (`id`),
  ADD KEY `admin_role_admin_id_foreign` (`admin_id`);

--
-- Indexes for table `anggarans`
--
ALTER TABLE `anggarans`
  ADD PRIMARY KEY (`id_anggaran`) USING BTREE,
  ADD KEY `id_admin` (`id_admin`),
  ADD KEY `id_user` (`id_user`),
  ADD KEY `coa` (`coa`);

--
-- Indexes for table `coa`
--
ALTER TABLE `coa`
  ADD PRIMARY KEY (`coa`);

--
-- Indexes for table `migrations`
--
ALTER TABLE `migrations`
  ADD PRIMARY KEY (`id`);

--
-- Indexes for table `password_resets`
--
ALTER TABLE `password_resets`
  ADD KEY `password_resets_email_index` (`email`);

--
-- Indexes for table `pegawais`
--
ALTER TABLE `pegawais`
  ADD PRIMARY KEY (`id`),
  ADD UNIQUE KEY `pegawais_email_unique` (`email`);

--
-- Indexes for table `roles`
--
ALTER TABLE `roles`
  ADD PRIMARY KEY (`id`),
  ADD UNIQUE KEY `roles_name_unique` (`name`);

--
-- Indexes for table `unit`
--
ALTER TABLE `unit`
  ADD PRIMARY KEY (`id_unit`);

--
-- Indexes for table `users`
--
ALTER TABLE `users`
  ADD PRIMARY KEY (`id`) USING BTREE,
  ADD UNIQUE KEY `users_email_unique` (`email`),
  ADD KEY `id_unit` (`id_unit`);

--
-- AUTO_INCREMENT for dumped tables
--

--
-- AUTO_INCREMENT for table `admins`
--
ALTER TABLE `admins`
  MODIFY `id` int(10) UNSIGNED NOT NULL AUTO_INCREMENT, AUTO_INCREMENT=4;

--
-- AUTO_INCREMENT for table `admin_role`
--
ALTER TABLE `admin_role`
  MODIFY `id` int(10) UNSIGNED NOT NULL AUTO_INCREMENT, AUTO_INCREMENT=4;

--
-- AUTO_INCREMENT for table `anggarans`
--
ALTER TABLE `anggarans`
  MODIFY `id_anggaran` int(11) NOT NULL AUTO_INCREMENT, AUTO_INCREMENT=26;

--
-- AUTO_INCREMENT for table `migrations`
--
ALTER TABLE `migrations`
  MODIFY `id` int(10) UNSIGNED NOT NULL AUTO_INCREMENT, AUTO_INCREMENT=7;

--
-- AUTO_INCREMENT for table `pegawais`
--
ALTER TABLE `pegawais`
  MODIFY `id` int(10) UNSIGNED NOT NULL AUTO_INCREMENT;

--
-- AUTO_INCREMENT for table `roles`
--
ALTER TABLE `roles`
  MODIFY `id` int(10) UNSIGNED NOT NULL AUTO_INCREMENT, AUTO_INCREMENT=3;

--
-- AUTO_INCREMENT for table `unit`
--
ALTER TABLE `unit`
  MODIFY `id_unit` int(10) NOT NULL AUTO_INCREMENT, AUTO_INCREMENT=3;

--
-- AUTO_INCREMENT for table `users`
--
ALTER TABLE `users`
  MODIFY `id` bigint(20) UNSIGNED NOT NULL AUTO_INCREMENT, AUTO_INCREMENT=17;

--
-- Constraints for dumped tables
--

--
-- Constraints for table `admin_role`
--
ALTER TABLE `admin_role`
  ADD CONSTRAINT `admin_role_admin_id_foreign` FOREIGN KEY (`admin_id`) REFERENCES `admins` (`id`) ON DELETE CASCADE;

--
-- Constraints for table `anggarans`
--
ALTER TABLE `anggarans`
  ADD CONSTRAINT `anggarans_ibfk_1` FOREIGN KEY (`id_admin`) REFERENCES `admins` (`id`),
  ADD CONSTRAINT `anggarans_ibfk_2` FOREIGN KEY (`id_user`) REFERENCES `users` (`id`),
  ADD CONSTRAINT `anggarans_ibfk_3` FOREIGN KEY (`coa`) REFERENCES `coa` (`coa`) ON DELETE CASCADE ON UPDATE CASCADE;

--
-- Constraints for table `users`
--
ALTER TABLE `users`
  ADD CONSTRAINT `users_ibfk_1` FOREIGN KEY (`id_unit`) REFERENCES `unit` (`id_unit`);
COMMIT;

/*!40101 SET CHARACTER_SET_CLIENT=@OLD_CHARACTER_SET_CLIENT */;
/*!40101 SET CHARACTER_SET_RESULTS=@OLD_CHARACTER_SET_RESULTS */;
/*!40101 SET COLLATION_CONNECTION=@OLD_COLLATION_CONNECTION */;
